Invoice ID,Branch,City,Payment,cogs,gross margin percentage,gross income,Rating
750-67-8428,A,Yangon,Ewallet,522.83,4.761904762,26.1415,9.1
226-31-3081,C,Naypyitaw,Cash,76.4,4.761904762,3.82,9.6
631-41-3108,A,Yangon,Credit card,324.31,4.761904762,16.2155,7.4
123-19-1176,A,Yangon,Ewallet,465.76,4.761904762,23.288,8.4
373-73-7910,A,Yangon,Ewallet,604.17,4.761904762,30.2085,5.3
699-14-3026,C,Naypyitaw,Ewallet,597.73,4.761904762,29.8865,4.1
355-53-5943,A,Yangon,Ewallet,413.04,4.761904762,20.652,5.8
315-22-5665,C,Naypyitaw,Ewallet,735.6,4.761904762,36.78,8
665-32-9167,A,Yangon,Credit card,72.52,4.761904762,3.626,7.2
692-92-5582,B,Mandalay,Credit card,164.52,4.761904762,8.226,5.9
351-62-0822,B,Mandalay,Ewallet,57.92,4.761904762,2.896,4.5
529-56-3974,B,Mandalay,Cash,102.04,4.761904762,5.102,6.8
365-64-0515,A,Yangon,Ewallet,234.75,4.761904762,11.7375,7.1
252-56-2699,A,Yangon,Ewallet,431.9,4.761904762,21.595,8.2
829-34-3910,A,Yangon,Cash,713.8,4.761904762,35.69,5.7
299-46-1805,B,Mandalay,Cash,562.32,4.761904762,28.116,4.5
656-95-9349,A,Yangon,Credit card,482.51,4.761904762,24.1255,4.6
765-26-6951,A,Yangon,Credit card,435.66,4.761904762,21.783,6.9
329-62-1586,A,Yangon,Credit card,164.01,4.761904762,8.2005,8.6
319-50-3348,B,Mandalay,Ewallet,80.6,4.761904762,4.03,4.4
300-71-4605,C,Naypyitaw,Ewallet,430.2,4.761904762,21.51,4.8
371-85-5789,B,Mandalay,Ewallet,263.94,4.761904762,13.197,5.1
273-16-6619,B,Mandalay,Credit card,66.4,4.761904762,3.32,4.4
636-48-8204,A,Yangon,Ewallet,172.8,4.761904762,8.64,9.9
549-59-1358,A,Yangon,Ewallet,265.89,4.761904762,13.2945,6
227-03-5010,A,Yangon,Credit card,420.72,4.761904762,21.036,8.5
649-29-6775,B,Mandalay,Cash,33.52,4.761904762,1.676,6.7
189-17-4241,A,Yangon,Credit card,175.34,4.761904762,8.767,7.7
145-94-9061,B,Mandalay,Cash,441.8,4.761904762,22.09,9.6
848-62-7243,A,Yangon,Cash,224.01,4.761904762,11.2005,7.4
871-79-8483,B,Mandalay,Credit card,470.65,4.761904762,23.5325,4.8
149-71-6266,B,Mandalay,Cash,702.63,4.761904762,35.1315,4.5
640-49-2076,B,Mandalay,Cash,670.24,4.761904762,33.512,5.1
595-11-5460,A,Yangon,Credit card,193.16,4.761904762,9.658,5.1
183-56-6882,C,Naypyitaw,Ewallet,397.68,4.761904762,19.884,7.5
232-16-2483,C,Naypyitaw,Ewallet,68.12,4.761904762,3.406,6.8
129-29-8530,A,Yangon,Ewallet,313.1,4.761904762,15.655,7
272-65-1806,A,Yangon,Ewallet,547.92,4.761904762,27.396,4.7
333-73-7901,C,Naypyitaw,Ewallet,439.36,4.761904762,21.968,7.6
777-82-7220,B,Mandalay,Cash,240.96,4.761904762,12.048,7.7
280-35-5823,B,Mandalay,Ewallet,86.72,4.761904762,4.336,7.9
554-53-8700,C,Naypyitaw,Cash,112.22,4.761904762,5.611,6.3
354-25-5821,B,Mandalay,Cash,414.72,4.761904762,20.736,5.6
228-96-1411,C,Naypyitaw,Cash,789.6,4.761904762,39.48,7.6
617-15-4209,C,Naypyitaw,Cash,30.74,4.761904762,1.537,7.2
132-32-9879,B,Mandalay,Cash,375.84,4.761904762,18.792,9.5
370-41-7321,B,Mandalay,Credit card,510.21,4.761904762,25.5105,8.4
727-46-3608,B,Mandalay,Ewallet,180.09,4.761904762,9.0045,4.1
669-54-1719,B,Mandalay,Credit card,113.58,4.761904762,5.679,8.1
574-22-5561,C,Naypyitaw,Ewallet,826.3,4.761904762,41.315,7.9
326-78-5178,C,Naypyitaw,Cash,639.8,4.761904762,31.99,9.5
162-48-8011,A,Yangon,Cash,222.95,4.761904762,11.1475,8.5
616-24-2851,B,Mandalay,Ewallet,71.48,4.761904762,3.574,6.5
778-71-5554,C,Naypyitaw,Credit card,15.43,4.761904762,0.7715,6.1
242-55-6721,B,Mandalay,Ewallet,32.32,4.761904762,1.616,6.5
399-46-5918,C,Naypyitaw,Cash,687.84,4.761904762,34.392,8.2
106-35-6779,A,Yangon,Cash,88.68,4.761904762,4.434,5.8
635-40-6220,A,Yangon,Ewallet,716.8,4.761904762,35.84,6.6
817-48-8732,A,Yangon,Cash,723.5,4.761904762,36.175,5.4
120-06-4233,C,Naypyitaw,Cash,183.66,4.761904762,9.183,9.3
285-68-5083,C,Naypyitaw,Credit card,74.22,4.761904762,3.711,10
803-83-5989,C,Naypyitaw,Ewallet,334.38,4.761904762,16.719,7
347-34-2234,B,Mandalay,Ewallet,495.63,4.761904762,24.7815,10
199-75-8169,A,Yangon,Credit card,158.1,4.761904762,7.905,8.6
853-23-2453,B,Mandalay,Cash,302.96,4.761904762,15.148,7.6
877-22-3308,A,Yangon,Cash,158.7,4.761904762,7.935,5.8
838-78-4295,C,Naypyitaw,Ewallet,66.94,4.761904762,3.347,6.7
109-28-2512,B,Mandalay,Ewallet,585.66,4.761904762,29.283,9.9
232-11-3025,A,Yangon,Cash,787.7,4.761904762,39.385,6.4
382-03-4532,A,Yangon,Cash,18.33,4.761904762,0.9165,4.3
393-65-2792,C,Naypyitaw,Credit card,894.8,4.761904762,44.74,9.6
796-12-2025,C,Naypyitaw,Cash,621.2,4.761904762,31.06,5.9
510-95-6347,B,Mandalay,Ewallet,145.56,4.761904762,7.278,4
841-35-6630,C,Naypyitaw,Cash,455.46,4.761904762,22.773,8.7
287-21-9091,A,Yangon,Ewallet,672.03,4.761904762,33.6015,9.4
732-94-0499,C,Naypyitaw,Credit card,416.5,4.761904762,20.825,5.4
263-10-3913,C,Naypyitaw,Credit card,441.36,4.761904762,22.068,8.6
381-20-0914,A,Yangon,Credit card,180.09,4.761904762,9.0045,5.7
829-49-1914,C,Naypyitaw,Ewallet,783.1,4.761904762,39.155,6.6
756-01-7507,C,Naypyitaw,Cash,101.9,4.761904762,5.095,6
870-72-4431,C,Naypyitaw,Credit card,595.14,4.761904762,29.757,5.5
847-38-7188,B,Mandalay,Ewallet,290.04,4.761904762,14.502,6.4
480-63-2856,C,Naypyitaw,Ewallet,154,4.761904762,7.7,6.6
787-56-0757,C,Naypyitaw,Credit card,321.44,4.761904762,16.072,8.3
360-39-5055,C,Naypyitaw,Cash,244.55,4.761904762,12.2275,6.6
730-50-9884,C,Naypyitaw,Ewallet,581.42,4.761904762,29.071,4
362-58-8315,C,Naypyitaw,Cash,382.6,4.761904762,19.13,9.9
633-44-8566,A,Yangon,Credit card,345.66,4.761904762,17.283,7.3
504-35-8843,A,Yangon,Cash,42.47,4.761904762,2.1235,5.7
318-68-5053,B,Mandalay,Cash,461.94,4.761904762,23.097,6.1
565-80-5980,C,Naypyitaw,Cash,189.52,4.761904762,9.476,7.1
225-32-0908,C,Naypyitaw,Ewallet,448.6,4.761904762,22.43,8.2
873-51-0671,A,Yangon,Ewallet,153.86,4.761904762,7.693,5.1
152-08-9985,B,Mandalay,Credit card,579.24,4.761904762,28.962,8.6
512-91-0811,C,Naypyitaw,Credit card,89.75,4.761904762,4.4875,6.6
594-34-4444,A,Yangon,Ewallet,97.16,4.761904762,4.858,7.2
766-85-7061,B,Mandalay,Ewallet,878.7,4.761904762,43.935,5.1
871-39-9221,C,Naypyitaw,Cash,74.7,4.761904762,3.735,4.1
865-92-6136,A,Yangon,Ewallet,158.25,4.761904762,7.9125,9.3
733-01-9107,B,Mandalay,Cash,496.2,4.761904762,24.81,7.4
163-56-7055,C,Naypyitaw,Cash,48.71,4.761904762,2.4355,4.1
189-98-2939,C,Naypyitaw,Cash,706.95,4.761904762,35.3475,7.2
551-21-3069,C,Naypyitaw,Cash,207.63,4.761904762,10.3815,4.9
212-62-1842,A,Yangon,Cash,349.56,4.761904762,17.478,9.9
716-39-1409,B,Mandalay,Cash,212.45,4.761904762,10.6225,8
704-48-3927,A,Yangon,Ewallet,886.7,4.761904762,44.335,7.3
628-34-3388,C,Naypyitaw,Credit card,164.28,4.761904762,8.214,7.9
630-74-5166,A,Yangon,Cash,372.78,4.761904762,18.639,7.4
588-01-7461,C,Naypyitaw,Cash,305.82,4.761904762,15.291,4.2
861-77-0145,C,Naypyitaw,Cash,819.7,4.761904762,40.985,9.2
479-26-8945,B,Mandalay,Ewallet,32.98,4.761904762,1.649,4.6
210-67-5886,C,Naypyitaw,Credit card,294.63,4.761904762,14.7315,7.8
227-78-1148,B,Mandalay,Cash,509.88,4.761904762,25.494,8.4
645-44-1170,A,Yangon,Ewallet,522.63,4.761904762,26.1315,4.3
237-01-6122,C,Naypyitaw,Credit card,727.11,4.761904762,36.3555,9.5
225-98-1496,C,Naypyitaw,Credit card,81.06,4.761904762,4.053,7.1
291-32-1427,B,Mandalay,Ewallet,109.7,4.761904762,5.485,5.3
659-65-8956,B,Mandalay,Ewallet,51.36,4.761904762,2.568,5.2
642-32-2990,A,Yangon,Ewallet,109.6,4.761904762,5.48,6
378-24-2715,B,Mandalay,Ewallet,106.88,4.761904762,5.344,4.1
638-60-7125,A,Yangon,Credit card,796.48,4.761904762,39.824,5.2
659-36-1684,C,Naypyitaw,Credit card,399.84,4.761904762,19.992,6.5
219-22-9386,B,Mandalay,Credit card,899.64,4.761904762,44.982,4.2
336-78-2147,C,Naypyitaw,Credit card,511.28,4.761904762,25.564,4.6
268-27-6179,B,Mandalay,Ewallet,451.76,4.761904762,22.588,7.3
668-90-8900,A,Yangon,Credit card,655.83,4.761904762,32.7915,4.5
870-54-3162,A,Yangon,Cash,161.25,4.761904762,8.0625,9
189-08-9157,C,Naypyitaw,Credit card,285.57,4.761904762,14.2785,5.9
663-86-9076,C,Naypyitaw,Ewallet,548.32,4.761904762,27.416,8.5
549-84-7482,B,Mandalay,Ewallet,812.52,4.761904762,40.626,7.2
191-10-6171,B,Mandalay,Cash,277.34,4.761904762,13.867,7.5
802-70-5316,A,Yangon,Cash,552.78,4.761904762,27.639,8.3
695-51-0018,B,Mandalay,Cash,139.36,4.761904762,6.968,7.4
590-83-4591,B,Mandalay,Credit card,524.7,4.761904762,26.235,8.8
483-71-1164,C,Naypyitaw,Ewallet,487.8,4.761904762,24.39,5.3
597-78-7908,C,Naypyitaw,Cash,270.66,4.761904762,13.533,6.2
700-81-1757,A,Yangon,Credit card,131.55,4.761904762,6.5775,8.8
354-39-5160,A,Yangon,Cash,206.52,4.761904762,10.326,9.8
241-72-9525,B,Mandalay,Cash,519.1,4.761904762,25.955,8.2
575-30-8091,A,Yangon,Ewallet,580,4.761904762,29,9.2
731-81-9469,C,Naypyitaw,Credit card,898,4.761904762,44.9,5.4
280-17-4359,C,Naypyitaw,Cash,905,4.761904762,45.25,8.1
338-65-2210,C,Naypyitaw,Cash,686,4.761904762,34.3,9.1
488-25-4221,C,Naypyitaw,Credit card,30.41,4.761904762,1.5205,8.4
239-10-7476,A,Yangon,Ewallet,467.7,4.761904762,23.385,8
458-41-1477,C,Naypyitaw,Credit card,277.56,4.761904762,13.878,9.5
685-64-1609,A,Yangon,Ewallet,301.4,4.761904762,15.07,9.2
568-90-5112,C,Naypyitaw,Credit card,264.56,4.761904762,13.228,5.6
262-47-2794,B,Mandalay,Credit card,574.88,4.761904762,28.744,6.2
238-49-0436,A,Yangon,Credit card,259.68,4.761904762,12.984,4.9
608-96-3517,B,Mandalay,Credit card,366.16,4.761904762,18.308,4.8
584-86-7256,C,Naypyitaw,Credit card,241.92,4.761904762,12.096,7.3
746-94-0204,A,Yangon,Credit card,749.16,4.761904762,37.458,7.4
214-17-6927,C,Naypyitaw,Ewallet,98.88,4.761904762,4.944,9.9
400-89-4171,C,Naypyitaw,Cash,647.76,4.761904762,32.388,9.3
782-95-9291,A,Yangon,Credit card,461.45,4.761904762,23.0725,9
279-74-2924,B,Mandalay,Cash,72.17,4.761904762,3.6085,6.1
307-85-2293,B,Mandalay,Ewallet,251.4,4.761904762,12.57,9.7
743-04-1105,B,Mandalay,Ewallet,874.98,4.761904762,43.749,6
423-57-2993,B,Mandalay,Ewallet,560.34,4.761904762,28.017,10
894-41-5205,C,Naypyitaw,Credit card,345.44,4.761904762,17.272,8.3
275-28-0149,A,Yangon,Cash,63.69,4.761904762,3.1845,6
101-17-6199,A,Yangon,Credit card,320.53,4.761904762,16.0265,7
423-80-0988,C,Naypyitaw,Ewallet,152.8,4.761904762,7.64,6.5
548-46-9322,B,Mandalay,Credit card,399,4.761904762,19.95,5.9
505-02-0892,B,Mandalay,Ewallet,340.56,4.761904762,17.028,5.6
234-65-2137,C,Naypyitaw,Cash,955.8,4.761904762,47.79,4.8
687-47-8271,A,Yangon,Credit card,989.8,4.761904762,49.49,8.7
796-32-9050,A,Yangon,Cash,307.68,4.761904762,15.384,6.5
105-31-1824,A,Yangon,Credit card,486.64,4.761904762,24.332,8.5
249-42-3782,A,Yangon,Ewallet,350.05,4.761904762,17.5025,5.5
316-55-4634,B,Mandalay,Credit card,400.25,4.761904762,20.0125,9.4
733-33-4967,C,Naypyitaw,Cash,166.8,4.761904762,8.34,6.3
608-27-6295,B,Mandalay,Credit card,317.34,4.761904762,15.867,9.8
414-12-7047,B,Mandalay,Ewallet,158.32,4.761904762,7.916,8.7
827-26-2100,A,Yangon,Ewallet,304.56,4.761904762,15.228,8.8
175-54-2529,A,Yangon,Credit card,177.36,4.761904762,8.868,9.6
139-52-2867,C,Naypyitaw,Credit card,157.57,4.761904762,7.8785,4.8
407-63-8975,A,Yangon,Ewallet,443.28,4.761904762,22.164,4.4
342-65-4817,C,Naypyitaw,Ewallet,260.4,4.761904762,13.02,9.9
130-98-8941,C,Naypyitaw,Cash,449.82,4.761904762,22.491,5.7
434-83-9547,C,Naypyitaw,Cash,307.76,4.761904762,15.388,7.7
851-28-6367,A,Yangon,Ewallet,155,4.761904762,7.75,8
824-88-3614,C,Naypyitaw,Ewallet,274.48,4.761904762,13.724,5.7
586-25-0848,A,Yangon,Credit card,86.38,4.761904762,4.319,6.7
895-66-0685,B,Mandalay,Ewallet,54.24,4.761904762,2.712,8
305-14-0245,B,Mandalay,Ewallet,755.92,4.761904762,37.796,7.5
732-04-5373,B,Mandalay,Cash,185.88,4.761904762,9.294,7
400-60-7251,A,Yangon,Ewallet,74.07,4.761904762,3.7035,9.9
593-65-1552,C,Naypyitaw,Credit card,279.24,4.761904762,13.962,5.9
284-34-9626,B,Mandalay,Credit card,231.12,4.761904762,11.556,7.2
437-58-8131,B,Mandalay,Ewallet,147.04,4.761904762,7.352,4.6
286-43-6208,C,Naypyitaw,Cash,790.2,4.761904762,39.51,9.2
641-43-2399,B,Mandalay,Ewallet,102.2,4.761904762,5.11,5.7
831-07-6050,A,Yangon,Credit card,163.55,4.761904762,8.1775,9.9
556-86-3144,C,Naypyitaw,Cash,74.29,4.761904762,3.7145,5
848-24-9445,C,Naypyitaw,Cash,87.4,4.761904762,4.37,4.9
856-22-8149,A,Yangon,Ewallet,25.29,4.761904762,1.2645,6.1
699-01-4164,C,Naypyitaw,Credit card,166,4.761904762,8.3,8.2
420-11-4919,C,Naypyitaw,Credit card,356.95,4.761904762,17.8475,5.5
606-80-4905,C,Naypyitaw,Credit card,114.9,4.761904762,5.745,6.8
542-41-0513,B,Mandalay,Cash,229.96,4.761904762,11.498,6.6
426-39-2418,C,Naypyitaw,Cash,429.87,4.761904762,21.4935,9.8
875-46-5808,B,Mandalay,Ewallet,259,4.761904762,12.95,8.7
394-43-4238,B,Mandalay,Credit card,88.85,4.761904762,4.4425,5.4
749-24-1565,A,Yangon,Ewallet,207.27,4.761904762,10.3635,7.9
672-51-8681,C,Naypyitaw,Credit card,599.85,4.761904762,29.9925,9.7
263-87-5680,C,Naypyitaw,Ewallet,285.3,4.761904762,14.265,7.8
573-58-9734,B,Mandalay,Ewallet,91.11,4.761904762,4.5555,5.1
817-69-8206,B,Mandalay,Credit card,897.57,4.761904762,44.8785,6.5
888-02-0338,A,Yangon,Ewallet,236.07,4.761904762,11.8035,5.9
677-11-0152,C,Naypyitaw,Cash,839.34,4.761904762,41.967,8.8
142-63-6033,B,Mandalay,Ewallet,461.8,4.761904762,23.09,4.9
656-16-1063,B,Mandalay,Credit card,139.26,4.761904762,6.963,4.4
891-58-8335,B,Mandalay,Cash,207.27,4.761904762,10.3635,6.5
802-43-8934,A,Yangon,Credit card,18.28,4.761904762,0.914,8.3
560-30-5617,B,Mandalay,Cash,123.85,4.761904762,6.1925,8.5
319-74-2561,A,Yangon,Cash,283.92,4.761904762,14.196,5.5
549-03-9315,B,Mandalay,Ewallet,758.96,4.761904762,37.948,8.7
790-29-1172,B,Mandalay,Credit card,172.02,4.761904762,8.601,7.9
239-36-3640,B,Mandalay,Ewallet,272.1,4.761904762,13.605,6.1
468-01-2051,B,Mandalay,Ewallet,434.56,4.761904762,21.728,5.4
389-25-3394,C,Naypyitaw,Cash,59.05,4.761904762,2.9525,9.4
279-62-1445,C,Naypyitaw,Cash,12.54,4.761904762,0.627,8.2
213-72-6612,A,Yangon,Cash,86.5,4.761904762,4.325,6.2
746-68-6593,C,Naypyitaw,Credit card,174.32,4.761904762,8.716,9.7
836-82-5858,B,Mandalay,Ewallet,624.33,4.761904762,31.2165,4
583-72-1480,C,Naypyitaw,Ewallet,148.24,4.761904762,7.412,9.7
466-61-5506,B,Mandalay,Cash,544.2,4.761904762,27.21,5.3
721-86-6247,A,Yangon,Ewallet,507.36,4.761904762,25.368,7.4
289-65-5721,B,Mandalay,Cash,162.74,4.761904762,8.137,6.5
545-46-3100,B,Mandalay,Credit card,31.77,4.761904762,1.5885,8.7
418-02-5978,B,Mandalay,Cash,756.81,4.761904762,37.8405,8
269-04-5750,B,Mandalay,Cash,295.28,4.761904762,14.764,6.7
157-13-5295,A,Yangon,Ewallet,519.4,4.761904762,25.97,6.5
645-78-8093,A,Yangon,Ewallet,186.28,4.761904762,9.314,4.1
211-30-9270,C,Naypyitaw,Credit card,87.05,4.761904762,4.3525,4.9
755-12-3214,C,Naypyitaw,Credit card,221.1,4.761904762,11.055,8.6
346-84-3103,B,Mandalay,Cash,66.1,4.761904762,3.305,4.3
478-06-7835,A,Yangon,Ewallet,89.69,4.761904762,4.4845,4.9
540-11-4336,A,Yangon,Credit card,224.46,4.761904762,11.223,5.6
448-81-5016,A,Yangon,Credit card,119.54,4.761904762,5.977,5.8
142-72-4741,C,Naypyitaw,Credit card,186.4,4.761904762,9.32,6
217-58-1179,A,Yangon,Cash,250.6,4.761904762,12.53,4.2
376-02-8238,B,Mandalay,Credit card,750.96,4.761904762,37.548,8.3
530-90-9855,A,Yangon,Cash,380.72,4.761904762,19.036,5.7
866-05-7563,B,Mandalay,Cash,244.2,4.761904762,12.21,4.8
604-70-6476,A,Yangon,Ewallet,89.7,4.761904762,4.485,6.8
799-71-1548,A,Yangon,Credit card,310.88,4.761904762,15.544,8.8
785-13-7708,B,Mandalay,Credit card,511.42,4.761904762,25.571,4.2
845-51-0542,B,Mandalay,Ewallet,418.95,4.761904762,20.9475,6.4
662-47-5456,C,Naypyitaw,Credit card,351.9,4.761904762,17.595,8.4
883-17-4236,C,Naypyitaw,Credit card,28.78,4.761904762,1.439,7.2
290-68-2984,A,Yangon,Cash,95,4.761904762,4.75,5.2
704-11-6354,A,Yangon,Cash,471.2,4.761904762,23.56,8.9
110-48-7033,B,Mandalay,Cash,130.48,4.761904762,6.524,9
366-93-0948,A,Yangon,Credit card,66.35,4.761904762,3.3175,9.7
729-09-9681,A,Yangon,Ewallet,155.46,4.761904762,7.773,8.7
151-16-1484,A,Yangon,Ewallet,129,4.761904762,6.45,6.5
380-94-4661,C,Naypyitaw,Credit card,263.76,4.761904762,13.188,6.9
850-41-9669,A,Yangon,Ewallet,675.54,4.761904762,33.777,6.2
821-07-3596,C,Naypyitaw,Ewallet,65.8,4.761904762,3.29,5.6
655-85-5130,B,Mandalay,Cash,153.2,4.761904762,7.66,5.7
447-15-7839,A,Yangon,Cash,222.4,4.761904762,11.12,4.2
154-74-7179,B,Mandalay,Ewallet,54.45,4.761904762,2.7225,7.9
253-12-6086,A,Yangon,Credit card,688.8,4.761904762,34.44,8.7
808-65-0703,C,Naypyitaw,Credit card,141.88,4.761904762,7.094,6.9
571-94-0759,B,Mandalay,Cash,746,4.761904762,37.3,9.5
144-51-6085,A,Yangon,Credit card,282.96,4.761904762,14.148,4.4
731-14-2199,A,Yangon,Ewallet,355.4,4.761904762,17.77,7
783-09-1637,B,Mandalay,Ewallet,337.15,4.761904762,16.8575,6.3
687-15-1097,C,Naypyitaw,Cash,42.24,4.761904762,2.112,9.7
126-54-1082,A,Yangon,Credit card,193.86,4.761904762,9.693,8.8
633-91-1052,A,Yangon,Cash,24.06,4.761904762,1.203,5.1
477-24-6490,B,Mandalay,Ewallet,598.26,4.761904762,29.913,7.9
566-19-5475,B,Mandalay,Cash,335.79,4.761904762,16.7895,6.2
526-86-8552,C,Naypyitaw,Cash,218.2,4.761904762,10.91,7.1
376-56-3573,C,Naypyitaw,Ewallet,381.68,4.761904762,19.084,6.4
537-72-0426,C,Naypyitaw,Cash,709.9,4.761904762,35.495,5.7
828-61-5674,A,Yangon,Credit card,440.2,4.761904762,22.01,9.6
136-08-6195,A,Yangon,Credit card,559.68,4.761904762,27.984,6.4
523-38-0215,C,Naypyitaw,Credit card,37,4.761904762,1.85,7.9
490-29-1201,A,Yangon,Cash,15.34,4.761904762,0.767,6.5
667-92-0055,A,Yangon,Ewallet,598.98,4.761904762,29.949,8.5
565-17-3836,A,Yangon,Cash,190.68,4.761904762,9.534,9.1
498-41-1961,B,Mandalay,Cash,333.4,4.761904762,16.67,7.6
593-95-4461,C,Naypyitaw,Cash,74.86,4.761904762,3.743,6.9
226-71-3580,C,Naypyitaw,Cash,213.75,4.761904762,10.6875,9.5
283-79-9594,B,Mandalay,Credit card,339.57,4.761904762,16.9785,5.2
430-60-3493,A,Yangon,Cash,664.16,4.761904762,33.208,4.2
139-20-0155,B,Mandalay,Credit card,403,4.761904762,20.15,7
558-80-4082,C,Naypyitaw,Ewallet,194.95,4.761904762,9.7475,6
278-97-7759,A,Yangon,Cash,62.48,4.761904762,3.124,4.7
316-68-6352,A,Yangon,Cash,72.72,4.761904762,3.636,7.1
585-03-5943,B,Mandalay,Ewallet,181.1,4.761904762,9.055,5.9
211-05-0490,C,Naypyitaw,Cash,259.6,4.761904762,12.98,7.5
727-75-6477,C,Naypyitaw,Cash,115.36,4.761904762,5.768,6.4
744-02-5987,A,Yangon,Ewallet,470.28,4.761904762,23.514,5.8
307-83-9164,A,Yangon,Cash,240.04,4.761904762,12.002,4.5
779-06-0012,C,Naypyitaw,Cash,88.61,4.761904762,4.4305,7.7
446-47-6729,C,Naypyitaw,Credit card,199.64,4.761904762,9.982,6.7
573-10-3877,B,Mandalay,Credit card,39.01,4.761904762,1.9505,4.7
735-06-4124,C,Naypyitaw,Cash,48.61,4.761904762,2.4305,4.4
439-54-7422,A,Yangon,Credit card,204.76,4.761904762,10.238,4.7
396-90-2219,B,Mandalay,Cash,119.68,4.761904762,5.984,8.6
411-77-0180,A,Yangon,Ewallet,505.4,4.761904762,25.27,4.3
286-01-5402,A,Yangon,Cash,281.61,4.761904762,14.0805,9.6
803-17-8013,A,Yangon,Cash,710.32,4.761904762,35.516,4.1
512-98-1403,A,Yangon,Ewallet,79.44,4.761904762,3.972,4.7
848-42-2560,A,Yangon,Cash,163.82,4.761904762,8.191,7.8
532-59-7201,B,Mandalay,Cash,479.58,4.761904762,23.979,5.5
181-94-6432,C,Naypyitaw,Ewallet,138.66,4.761904762,6.933,9.7
870-76-1733,A,Yangon,Credit card,71.15,4.761904762,3.5575,4.4
423-64-4619,A,Yangon,Cash,139.95,4.761904762,6.9975,5
227-07-4446,C,Naypyitaw,Cash,781.3,4.761904762,39.065,4.4
174-36-3675,C,Naypyitaw,Cash,198.74,4.761904762,9.937,5.2
428-83-5800,C,Naypyitaw,Cash,63.24,4.761904762,3.162,7.3
603-07-0961,C,Naypyitaw,Cash,373.95,4.761904762,18.6975,4.9
704-20-4138,C,Naypyitaw,Credit card,207.69,4.761904762,10.3845,8.1
787-15-1757,C,Naypyitaw,Ewallet,176.28,4.761904762,8.814,8.4
649-11-3678,C,Naypyitaw,Cash,206.37,4.761904762,10.3185,5.5
622-20-1945,C,Naypyitaw,Cash,39.42,4.761904762,1.971,8.4
372-94-8041,A,Yangon,Ewallet,91.56,4.761904762,4.578,9.8
563-91-7120,A,Yangon,Cash,308.85,4.761904762,15.4425,6.7
746-54-5508,A,Yangon,Credit card,129.12,4.761904762,6.456,9.4
276-54-0879,B,Mandalay,Ewallet,390.96,4.761904762,19.548,6.4
815-11-1168,A,Yangon,Cash,498.9,4.761904762,24.945,5.4
719-76-3868,C,Naypyitaw,Cash,377.04,4.761904762,18.852,8.6
730-61-8757,B,Mandalay,Credit card,204.52,4.761904762,10.226,4
340-66-0321,A,Yangon,Cash,145.44,4.761904762,7.272,7.6
868-81-1752,B,Mandalay,Cash,198.18,4.761904762,9.909,6.8
634-97-8956,A,Yangon,Credit card,98.7,4.761904762,4.935,9.1
566-71-1091,A,Yangon,Cash,385.1,4.761904762,19.255,5.5
442-48-3607,A,Yangon,Credit card,46.96,4.761904762,2.348,7.9
835-16-0096,C,Naypyitaw,Ewallet,73.5,4.761904762,3.675,8.5
527-09-6272,A,Yangon,Credit card,142.25,4.761904762,7.1125,9.1
898-04-2717,A,Yangon,Ewallet,687.6,4.761904762,34.38,7.5
692-27-8933,B,Mandalay,Cash,347.7,4.761904762,17.385,5.2
633-09-3463,C,Naypyitaw,Credit card,142.95,4.761904762,7.1475,9.5
374-17-3652,B,Mandalay,Credit card,385.38,4.761904762,19.269,8.9
378-07-7001,B,Mandalay,Credit card,144.27,4.761904762,7.2135,7.8
433-75-6987,B,Mandalay,Ewallet,391.79,4.761904762,19.5895,8.9
873-95-4984,B,Mandalay,Cash,538.3,4.761904762,26.915,7.7
416-13-5917,C,Naypyitaw,Ewallet,485.15,4.761904762,24.2575,9.3
150-89-8043,A,Yangon,Cash,133.95,4.761904762,6.6975,6.2
135-84-8019,A,Yangon,Ewallet,701.37,4.761904762,35.0685,7.6
441-94-7118,A,Yangon,Cash,71.95,4.761904762,3.5975,7.3
725-96-3778,C,Naypyitaw,Cash,714,4.761904762,35.7,4.7
531-80-1784,A,Yangon,Cash,182.14,4.761904762,9.107,5.1
400-45-1220,B,Mandalay,Credit card,135,4.761904762,6.75,4.8
860-79-0874,C,Naypyitaw,Credit card,993,4.761904762,49.65,6.6
834-61-8124,A,Yangon,Cash,361.83,4.761904762,18.0915,5.5
115-99-4379,B,Mandalay,Credit card,383.11,4.761904762,19.1555,8.5
565-67-6697,B,Mandalay,Cash,243,4.761904762,12.15,4.8
320-49-6392,C,Naypyitaw,Cash,30.24,4.761904762,1.512,8.4
889-04-9723,B,Mandalay,Credit card,356.56,4.761904762,17.828,7.8
632-90-0281,C,Naypyitaw,Credit card,375.5,4.761904762,18.775,9.3
554-42-2417,C,Naypyitaw,Cash,954.4,4.761904762,47.72,5.2
453-63-6187,B,Mandalay,Ewallet,82.5,4.761904762,4.125,6.5
578-80-7669,B,Mandalay,Cash,74.97,4.761904762,3.7485,5.6
612-36-5536,A,Yangon,Credit card,647.68,4.761904762,32.384,7.4
605-72-4132,C,Naypyitaw,Cash,755.76,4.761904762,37.788,9.1
471-41-2823,C,Naypyitaw,Ewallet,199.58,4.761904762,9.979,8
462-67-9126,A,Yangon,Cash,439.32,4.761904762,21.966,7.2
272-27-9238,C,Naypyitaw,Cash,164.96,4.761904762,8.248,7.1
834-25-9262,C,Naypyitaw,Cash,326.72,4.761904762,16.336,9.1
122-61-9553,C,Naypyitaw,Cash,461.88,4.761904762,23.094,5.6
468-88-0009,A,Yangon,Cash,263.76,4.761904762,13.188,6
613-59-9758,C,Naypyitaw,Cash,143.6,4.761904762,7.18,5.4
254-31-0042,A,Yangon,Credit card,193.5,4.761904762,9.675,7.8
201-86-2184,B,Mandalay,Cash,183.82,4.761904762,9.191,9.9
261-12-8671,B,Mandalay,Credit card,121.92,4.761904762,6.096,4.9
730-70-9830,C,Naypyitaw,Ewallet,420.66,4.761904762,21.033,5.2
382-25-8917,C,Naypyitaw,Cash,252.48,4.761904762,12.624,8.9
422-29-8786,A,Yangon,Credit card,335.45,4.761904762,16.7725,9.1
667-23-5919,A,Yangon,Ewallet,483.5,4.761904762,24.175,7
843-01-4703,B,Mandalay,Credit card,318.42,4.761904762,15.921,9.6
743-88-1662,C,Naypyitaw,Ewallet,668.43,4.761904762,33.4215,8.7
595-86-2894,C,Naypyitaw,Ewallet,387.92,4.761904762,19.396,9.4
182-69-8360,B,Mandalay,Credit card,94.6,4.761904762,4.73,4
289-15-7034,A,Yangon,Credit card,329.32,4.761904762,16.466,7.5
462-78-5240,C,Naypyitaw,Cash,53.22,4.761904762,2.661,4.2
868-52-7573,B,Mandalay,Cash,498.45,4.761904762,24.9225,9.9
153-58-4872,C,Naypyitaw,Ewallet,299.56,4.761904762,14.978,4.2
662-72-2873,A,Yangon,Ewallet,204.7,4.761904762,10.235,9.9
525-88-7307,B,Mandalay,Cash,75.82,4.761904762,3.791,5.8
689-16-9784,C,Naypyitaw,Cash,280.62,4.761904762,14.031,6
725-56-0833,A,Yangon,Credit card,323.2,4.761904762,16.16,10
394-41-0748,C,Naypyitaw,Ewallet,486.63,4.761904762,24.3315,9.5
596-42-3999,B,Mandalay,Credit card,127.54,4.761904762,6.377,6.6
541-89-9860,C,Naypyitaw,Cash,241.44,4.761904762,12.072,8.1
173-82-9529,B,Mandalay,Cash,379.5,4.761904762,18.975,9.7
563-36-9814,A,Yangon,Ewallet,76.82,4.761904762,3.841,7.2
308-47-4913,A,Yangon,Credit card,522.6,4.761904762,26.13,6.2
885-17-6250,A,Yangon,Ewallet,79.74,4.761904762,3.987,7.3
726-27-2396,A,Yangon,Ewallet,387.5,4.761904762,19.375,4.3
316-01-3952,A,Yangon,Ewallet,271.35,4.761904762,13.5675,4.6
760-54-1821,B,Mandalay,Cash,122.31,4.761904762,6.1155,5.8
793-10-3222,B,Mandalay,Credit card,246.36,4.761904762,12.318,8.3
346-12-3257,B,Mandalay,Cash,173.16,4.761904762,8.658,8
110-05-6330,C,Naypyitaw,Credit card,236.58,4.761904762,11.829,9.4
651-61-0874,C,Naypyitaw,Credit card,184.88,4.761904762,9.244,6.2
236-86-3015,C,Naypyitaw,Ewallet,13.98,4.761904762,0.699,9.8
831-64-0259,B,Mandalay,Ewallet,198.75,4.761904762,9.9375,9.6
587-03-7455,C,Naypyitaw,Ewallet,684.53,4.761904762,34.2265,4.9
882-40-4577,A,Yangon,Credit card,269.04,4.761904762,13.452,8
732-67-5346,A,Yangon,Credit card,68.95,4.761904762,3.4475,7.8
725-32-9708,B,Mandalay,Cash,274.84,4.761904762,13.742,4.1
256-08-8343,A,Yangon,Ewallet,226.12,4.761904762,11.306,5.5
372-26-1506,C,Naypyitaw,Ewallet,119.1,4.761904762,5.955,5.4
244-08-0162,B,Mandalay,Cash,342.1,4.761904762,17.105,5.1
569-71-4390,B,Mandalay,Ewallet,43.74,4.761904762,2.187,6.9
132-23-6451,A,Yangon,Cash,104.85,4.761904762,5.2425,7.8
696-90-2548,A,Yangon,Ewallet,77.52,4.761904762,3.876,6.6
472-15-9636,A,Yangon,Ewallet,407.44,4.761904762,20.372,9.2
268-03-6164,B,Mandalay,Ewallet,96.11,4.761904762,4.8055,7.8
750-57-9686,C,Naypyitaw,Credit card,181.52,4.761904762,9.076,8.7
186-09-3669,C,Naypyitaw,Ewallet,81.51,4.761904762,4.0755,9.2
848-07-1692,B,Mandalay,Ewallet,114.44,4.761904762,5.722,8.3
745-71-3520,A,Yangon,Cash,176.54,4.761904762,8.827,8.2
266-76-6436,C,Naypyitaw,Ewallet,115.8,4.761904762,5.79,7.5
740-22-2500,C,Naypyitaw,Cash,252.15,4.761904762,12.6075,9.8
271-88-8734,C,Naypyitaw,Credit card,972.1,4.761904762,48.605,8.7
301-81-8610,B,Mandalay,Credit card,203.36,4.761904762,10.168,6.7
489-64-4354,C,Naypyitaw,Cash,16.28,4.761904762,0.814,5
198-84-7132,B,Mandalay,Cash,365.49,4.761904762,18.2745,7
269-10-8440,A,Yangon,Cash,372.19,4.761904762,18.6095,8.9
650-98-6268,B,Mandalay,Credit card,62.61,4.761904762,3.1305,8
741-73-3559,B,Mandalay,Cash,336.35,4.761904762,16.8175,6.9
325-77-6186,A,Yangon,Ewallet,906.5,4.761904762,45.325,7.3
286-75-7818,B,Mandalay,Credit card,138.16,4.761904762,6.908,6.9
574-57-9721,C,Naypyitaw,Ewallet,86.54,4.761904762,4.327,5.7
459-50-7686,A,Yangon,Ewallet,140.76,4.761904762,7.038,6.4
616-87-0016,B,Mandalay,Credit card,668.78,4.761904762,33.439,9.6
837-55-7229,B,Mandalay,Credit card,47.44,4.761904762,2.372,6.8
751-69-0068,C,Naypyitaw,Ewallet,893.16,4.761904762,44.658,9
257-73-1380,C,Naypyitaw,Ewallet,331.72,4.761904762,16.586,9.6
345-08-4992,A,Yangon,Credit card,203.94,4.761904762,10.197,7.7
549-96-4200,C,Naypyitaw,Ewallet,68.16,4.761904762,3.408,7
810-60-6344,C,Naypyitaw,Credit card,326.88,4.761904762,16.344,6.5
450-28-2866,C,Naypyitaw,Cash,87.2,4.761904762,4.36,8.1
394-30-3170,B,Mandalay,Credit card,707.44,4.761904762,35.372,4.3
138-17-5109,A,Yangon,Credit card,802.89,4.761904762,40.1445,6.5
192-98-7397,C,Naypyitaw,Ewallet,12.78,4.761904762,0.639,9.5
301-11-9629,A,Yangon,Cash,133.7,4.761904762,6.685,9.7
390-80-5128,B,Mandalay,Credit card,19.15,4.761904762,0.9575,9.5
235-46-8343,C,Naypyitaw,Credit card,276.6,4.761904762,13.83,8.9
453-12-7053,C,Naypyitaw,Credit card,137.22,4.761904762,6.861,6.5
296-11-7041,B,Mandalay,Credit card,27.07,4.761904762,1.3535,5.3
449-27-2918,B,Mandalay,Credit card,39.12,4.761904762,1.956,9.6
891-01-7034,B,Mandalay,Cash,448.26,4.761904762,22.413,6.7
744-09-5786,B,Mandalay,Cash,132.06,4.761904762,6.603,7.6
727-17-0390,A,Yangon,Ewallet,318.05,4.761904762,15.9025,4.8
568-88-3448,A,Yangon,Ewallet,25,4.761904762,1.25,5.5
187-83-5490,A,Yangon,Cash,83.08,4.761904762,4.154,4.7
767-54-1907,B,Mandalay,Cash,147.8,4.761904762,7.39,6.9
710-46-4433,B,Mandalay,Credit card,696.6,4.761904762,34.83,4.5
533-33-5337,B,Mandalay,Cash,793.9,4.761904762,39.695,6.2
325-90-8763,C,Naypyitaw,Cash,465.7,4.761904762,23.285,7.6
729-46-7422,C,Naypyitaw,Credit card,35.89,4.761904762,1.7945,7.9
639-76-1242,C,Naypyitaw,Cash,202.6,4.761904762,10.13,4.5
234-03-4040,B,Mandalay,Credit card,730.5,4.761904762,36.525,8.7
326-71-2155,C,Naypyitaw,Cash,295.8,4.761904762,14.79,6.1
320-32-8842,C,Naypyitaw,Cash,22.62,4.761904762,1.131,6.4
470-32-9057,A,Yangon,Credit card,256.7,4.761904762,12.835,9.1
878-30-2331,C,Naypyitaw,Credit card,545.5,4.761904762,27.275,7.1
440-59-5691,C,Naypyitaw,Credit card,260.05,4.761904762,13.0025,7.7
554-53-3790,B,Mandalay,Cash,222.12,4.761904762,11.106,4.5
746-19-0921,C,Naypyitaw,Ewallet,21.58,4.761904762,1.079,7.2
233-34-0817,C,Naypyitaw,Cash,98.84,4.761904762,4.942,8.4
767-05-1286,C,Naypyitaw,Ewallet,502.62,4.761904762,25.131,5.4
340-21-9136,A,Yangon,Cash,160.2,4.761904762,8.01,9.7
405-31-3305,A,Yangon,Credit card,431.3,4.761904762,21.565,5.5
731-59-7531,B,Mandalay,Cash,580.56,4.761904762,29.028,4.6
676-39-6028,A,Yangon,Cash,322.2,4.761904762,16.11,6.6
502-05-1910,A,Yangon,Credit card,195.54,4.761904762,9.777,6.3
485-30-8700,A,Yangon,Credit card,166.3,4.761904762,8.315,4.2
598-47-9715,C,Naypyitaw,Ewallet,336.28,4.761904762,16.814,4.4
701-69-8742,B,Mandalay,Ewallet,343.7,4.761904762,17.185,6.7
575-67-1508,A,Yangon,Ewallet,38.6,4.761904762,1.93,6.7
541-08-3113,C,Naypyitaw,Cash,527.76,4.761904762,26.388,8.4
246-11-3901,C,Naypyitaw,Cash,328,4.761904762,16.4,6.2
674-15-9296,A,Yangon,Ewallet,185.7,4.761904762,9.285,5
305-18-3552,B,Mandalay,Cash,603.8,4.761904762,30.19,6
493-65-6248,C,Naypyitaw,Credit card,369.8,4.761904762,18.49,7
438-01-4015,B,Mandalay,Ewallet,197.96,4.761904762,9.898,6.6
709-58-4068,B,Mandalay,Cash,410.9,4.761904762,20.545,7.3
795-49-7276,A,Yangon,Ewallet,148.6,4.761904762,7.43,8.3
556-72-8512,C,Naypyitaw,Cash,22.96,4.761904762,1.148,4.3
627-95-3243,B,Mandalay,Ewallet,699.12,4.761904762,34.956,9.8
686-41-0932,B,Mandalay,Ewallet,69.4,4.761904762,3.47,8.2
510-09-5628,A,Yangon,Credit card,196.6,4.761904762,9.83,7.2
608-04-3797,B,Mandalay,Ewallet,202.56,4.761904762,10.128,8.7
148-82-2527,C,Naypyitaw,Credit card,121.2,4.761904762,6.06,8.4
437-53-3084,B,Mandalay,Ewallet,199.78,4.761904762,9.989,7.1
632-32-4574,B,Mandalay,Cash,607.36,4.761904762,30.368,5.5
556-97-7101,C,Naypyitaw,Cash,126.44,4.761904762,6.322,8.5
862-59-8517,C,Naypyitaw,Cash,541.44,4.761904762,27.072,6.2
401-18-8016,B,Mandalay,Cash,98.13,4.761904762,4.9065,8.9
420-18-8989,A,Yangon,Cash,412.16,4.761904762,20.608,9.6
277-63-2961,B,Mandalay,Credit card,73.97,4.761904762,3.6985,5.4
573-98-8548,C,Naypyitaw,Ewallet,31.9,4.761904762,1.595,9.1
620-02-2046,C,Naypyitaw,Ewallet,138.8,4.761904762,6.94,9
282-35-2475,B,Mandalay,Cash,186.62,4.761904762,9.331,6.3
511-54-3087,B,Mandalay,Credit card,88.45,4.761904762,4.4225,9.5
726-29-6793,A,Yangon,Ewallet,193.44,4.761904762,9.672,9.8
387-49-4215,B,Mandalay,Cash,145.5,4.761904762,7.275,6.7
862-17-9201,B,Mandalay,Credit card,504.3,4.761904762,25.215,7.7
291-21-5991,B,Mandalay,Cash,306.45,4.761904762,15.3225,7
602-80-9671,C,Naypyitaw,Credit card,95.7,4.761904762,4.785,5.1
347-72-6115,B,Mandalay,Credit card,635.18,4.761904762,31.759,6.2
209-61-0206,A,Yangon,Ewallet,214.55,4.761904762,10.7275,6.1
595-27-4851,A,Yangon,Ewallet,379.96,4.761904762,18.998,9.3
189-52-0236,A,Yangon,Cash,696.85,4.761904762,34.8425,7.6
503-07-0930,C,Naypyitaw,Credit card,408.73,4.761904762,20.4365,8.2
413-20-6708,C,Naypyitaw,Ewallet,51.47,4.761904762,2.5735,8.5
425-85-2085,B,Mandalay,Ewallet,274.3,4.761904762,13.715,9.8
521-18-7827,C,Naypyitaw,Credit card,196.95,4.761904762,9.8475,8.7
220-28-1851,A,Yangon,Ewallet,69.46,4.761904762,3.473,9.7
600-38-9738,C,Naypyitaw,Credit card,359.6,4.761904762,17.98,4.3
734-91-1155,B,Mandalay,Credit card,137.13,4.761904762,6.8565,7.7
451-28-5717,C,Naypyitaw,Cash,499.02,4.761904762,24.951,7.3
609-81-8548,A,Yangon,Credit card,224.64,4.761904762,11.232,5.9
133-14-7229,C,Naypyitaw,Cash,125.74,4.761904762,6.287,5
534-01-4457,A,Yangon,Credit card,490.26,4.761904762,24.513,8
719-89-8991,A,Yangon,Ewallet,457.05,4.761904762,22.8525,7.1
286-62-6248,B,Mandalay,Credit card,156.84,4.761904762,7.842,9
339-38-9982,B,Mandalay,Ewallet,119.72,4.761904762,5.986,6.7
827-44-5872,B,Mandalay,Credit card,543.6,4.761904762,27.18,6.1
827-77-7633,A,Yangon,Cash,882.81,4.761904762,44.1405,9.3
287-83-1405,A,Yangon,Ewallet,152.58,4.761904762,7.629,7
435-13-4908,A,Yangon,Credit card,693.44,4.761904762,34.672,7.2
857-67-9057,B,Mandalay,Ewallet,229.5,4.761904762,11.475,8.2
236-27-1144,C,Naypyitaw,Ewallet,146.79,4.761904762,7.3395,8.4
892-05-6689,A,Yangon,Ewallet,141.6,4.761904762,7.08,6.2
583-41-4548,C,Naypyitaw,Ewallet,116.69,4.761904762,5.8345,7.4
339-12-4827,B,Mandalay,Credit card,73.96,4.761904762,3.698,5
643-38-7867,A,Yangon,Ewallet,97.94,4.761904762,4.897,6.9
308-81-0538,A,Yangon,Credit card,292.2,4.761904762,14.61,4.9
358-88-9262,C,Naypyitaw,Ewallet,524.88,4.761904762,26.244,5.1
460-35-4390,A,Yangon,Ewallet,92.04,4.761904762,4.602,9.1
343-87-0864,C,Naypyitaw,Credit card,75.88,4.761904762,3.794,7.1
173-50-1108,B,Mandalay,Credit card,80.72,4.761904762,4.036,5
243-47-2663,C,Naypyitaw,Credit card,112.62,4.761904762,5.631,5.5
841-18-8232,B,Mandalay,Credit card,71.2,4.761904762,3.56,9.2
701-23-5550,B,Mandalay,Ewallet,155.24,4.761904762,7.762,4.9
647-50-1224,A,Yangon,Ewallet,294.2,4.761904762,14.71,8.9
541-48-8554,A,Yangon,Credit card,548.55,4.761904762,27.4275,6
539-21-7227,B,Mandalay,Cash,257.7,4.761904762,12.885,4.2
213-32-1216,A,Yangon,Cash,396.36,4.761904762,19.818,7.3
747-58-7183,B,Mandalay,Ewallet,171.81,4.761904762,8.5905,6.5
582-52-8065,B,Mandalay,Cash,488.79,4.761904762,24.4395,8.9
210-57-1719,B,Mandalay,Cash,524.16,4.761904762,26.208,9.7
399-69-4630,C,Naypyitaw,Credit card,133.26,4.761904762,6.663,8.6
134-75-2619,A,Yangon,Cash,135.24,4.761904762,6.762,6.9
356-44-8813,B,Mandalay,Credit card,112.44,4.761904762,5.622,7.7
198-66-9832,B,Mandalay,Cash,144.08,4.761904762,7.204,9.5
283-26-5248,C,Naypyitaw,Ewallet,985.2,4.761904762,49.26,4.5
712-39-0363,A,Yangon,Ewallet,249.96,4.761904762,12.498,5.6
218-59-9410,A,Yangon,Ewallet,217.26,4.761904762,10.863,8.2
174-75-0888,B,Mandalay,Cash,194.22,4.761904762,9.711,7.3
866-99-7614,C,Naypyitaw,Credit card,892,4.761904762,44.6,4.4
134-54-4720,B,Mandalay,Ewallet,339.36,4.761904762,16.968,5.7
760-90-2357,A,Yangon,Ewallet,447.06,4.761904762,22.353,5
514-37-2845,B,Mandalay,Cash,198.5,4.761904762,9.925,9
698-98-5964,A,Yangon,Credit card,812.1,4.761904762,40.605,6.3
718-57-9773,C,Naypyitaw,Credit card,493.3,4.761904762,24.665,9.4
651-88-7328,A,Yangon,Cash,591.66,4.761904762,29.583,7.7
241-11-2261,B,Mandalay,Credit card,559.02,4.761904762,27.951,5.5
408-26-9866,C,Naypyitaw,Ewallet,517.86,4.761904762,25.893,4.1
834-83-1826,B,Mandalay,Credit card,410.2,4.761904762,20.51,7.6
343-61-3544,B,Mandalay,Cash,266.7,4.761904762,13.335,8.6
239-48-4278,A,Yangon,Ewallet,70.91,4.761904762,3.5455,8.3
355-34-6244,B,Mandalay,Credit card,144.78,4.761904762,7.239,8.1
550-84-8664,A,Yangon,Credit card,429.55,4.761904762,21.4775,8.6
339-96-8318,B,Mandalay,Ewallet,569.17,4.761904762,28.4585,6.3
458-61-0011,B,Mandalay,Cash,241.2,4.761904762,12.06,5.8
592-34-6155,C,Naypyitaw,Ewallet,127.08,4.761904762,6.354,6.2
797-88-0493,A,Yangon,Cash,257.08,4.761904762,12.854,7.7
207-73-1363,B,Mandalay,Ewallet,139.02,4.761904762,6.951,8.1
390-31-6381,C,Naypyitaw,Cash,81.66,4.761904762,4.083,7.3
443-82-0585,A,Yangon,Cash,310.72,4.761904762,15.536,8.4
339-18-7061,C,Naypyitaw,Credit card,185.96,4.761904762,9.298,8
359-90-3665,B,Mandalay,Credit card,72.32,4.761904762,3.616,9.5
375-72-3056,B,Mandalay,Ewallet,189.18,4.761904762,9.459,7
127-47-6963,A,Yangon,Credit card,206.84,4.761904762,10.342,9.8
278-86-2735,A,Yangon,Cash,157.02,4.761904762,7.851,9.2
695-28-6250,A,Yangon,Ewallet,215.3,4.761904762,10.765,7.7
379-17-6588,C,Naypyitaw,Cash,596.1,4.761904762,29.805,5.3
227-50-3718,A,Yangon,Cash,73.1,4.761904762,3.655,4.4
302-15-2162,C,Naypyitaw,Credit card,279.18,4.761904762,13.959,4.3
788-07-8452,C,Naypyitaw,Ewallet,169.68,4.761904762,8.484,9.4
560-49-6611,A,Yangon,Cash,45.58,4.761904762,2.279,9.8
880-35-0356,A,Yangon,Ewallet,225.6,4.761904762,11.28,4.8
585-11-6748,B,Mandalay,Cash,290.4,4.761904762,14.52,5.3
470-31-3286,B,Mandalay,Credit card,44.46,4.761904762,2.223,8.7
152-68-2907,A,Yangon,Credit card,156.6,4.761904762,7.83,9.5
123-35-4896,C,Naypyitaw,Ewallet,419.94,4.761904762,20.997,5.3
258-69-7810,C,Naypyitaw,Cash,184.25,4.761904762,9.2125,9.2
334-64-2006,A,Yangon,Ewallet,140.64,4.761904762,7.032,9.6
219-61-4139,C,Naypyitaw,Ewallet,83.08,4.761904762,4.154,6.4
881-41-7302,C,Naypyitaw,Credit card,64.99,4.761904762,3.2495,4.5
373-09-4567,C,Naypyitaw,Ewallet,775.6,4.761904762,38.78,6.9
642-30-6693,B,Mandalay,Ewallet,327.06,4.761904762,16.353,7.8
484-22-8230,C,Naypyitaw,Cash,363.23,4.761904762,18.1615,4.5
830-58-2383,B,Mandalay,Cash,127,4.761904762,6.35,8.6
559-98-9873,A,Yangon,Ewallet,375.55,4.761904762,18.7775,5.2
544-32-5024,C,Naypyitaw,Credit card,199.16,4.761904762,9.958,6.4
318-12-0304,A,Yangon,Ewallet,30.61,4.761904762,1.5305,5.2
349-97-8902,B,Mandalay,Ewallet,115.78,4.761904762,5.789,8.9
421-95-9805,A,Yangon,Credit card,28.96,4.761904762,1.448,6.2
277-35-5865,C,Naypyitaw,Cash,890.73,4.761904762,44.5365,6.7
789-23-8625,B,Mandalay,Cash,279.66,4.761904762,13.983,7.2
284-54-4231,C,Naypyitaw,Credit card,80.93,4.761904762,4.0465,9
443-59-0061,A,Yangon,Ewallet,674.5,4.761904762,33.725,4.2
509-29-3912,A,Yangon,Ewallet,348.48,4.761904762,17.424,4.2
327-40-9673,B,Mandalay,Cash,435.6,4.761904762,21.78,6.9
840-19-2096,C,Naypyitaw,Ewallet,439.55,4.761904762,21.9775,4.4
828-46-6863,A,Yangon,Credit card,591.18,4.761904762,29.559,4
641-96-3695,C,Naypyitaw,Ewallet,260.76,4.761904762,13.038,8.5
420-97-3340,A,Yangon,Credit card,215.04,4.761904762,10.752,9.2
436-54-4512,A,Yangon,Cash,91.61,4.761904762,4.5805,9.8
670-79-6321,B,Mandalay,Credit card,662.13,4.761904762,33.1065,4.9
852-62-7105,B,Mandalay,Credit card,832.5,4.761904762,41.625,4.4
598-06-7312,B,Mandalay,Cash,91.35,4.761904762,4.5675,6.8
135-13-8269,B,Mandalay,Cash,157.76,4.761904762,7.888,9.1
816-57-2053,A,Yangon,Ewallet,121.74,4.761904762,6.087,8.7
628-90-8624,B,Mandalay,Cash,825.8,4.761904762,41.29,5
856-66-2701,A,Yangon,Ewallet,159.9,4.761904762,7.995,7.5
308-39-1707,A,Yangon,Credit card,12.09,4.761904762,0.6045,8.2
149-61-1929,A,Yangon,Credit card,641.9,4.761904762,32.095,6.7
655-07-2265,A,Yangon,Ewallet,234.93,4.761904762,11.7465,5.4
589-02-8023,A,Yangon,Credit card,167.54,4.761904762,8.377,7
420-04-7590,B,Mandalay,Ewallet,299.1,4.761904762,14.955,4.7
182-88-2763,B,Mandalay,Credit card,239.73,4.761904762,11.9865,5
188-55-0967,B,Mandalay,Credit card,664.7,4.761904762,33.235,5
610-46-4100,A,Yangon,Credit card,202.65,4.761904762,10.1325,6
318-81-2368,C,Naypyitaw,Cash,46.2,4.761904762,2.31,6.3
364-33-8584,B,Mandalay,Cash,88.15,4.761904762,4.4075,8.5
665-63-9737,B,Mandalay,Ewallet,157.26,4.761904762,7.863,7.5
695-09-5146,B,Mandalay,Ewallet,296.37,4.761904762,14.8185,6.4
155-45-3814,C,Naypyitaw,Ewallet,708.4,4.761904762,35.42,4.7
794-32-2436,B,Mandalay,Ewallet,111.34,4.761904762,5.567,6
131-15-8856,C,Naypyitaw,Credit card,580.16,4.761904762,29.008,4
273-84-2164,C,Naypyitaw,Ewallet,60.25,4.761904762,3.0125,5.5
706-36-6154,A,Yangon,Ewallet,174.24,4.761904762,8.712,8.7
778-89-7974,C,Naypyitaw,Cash,421.26,4.761904762,21.063,7.4
574-31-8277,B,Mandalay,Cash,33.63,4.761904762,1.6815,5.6
859-71-0933,C,Naypyitaw,Cash,30.98,4.761904762,1.549,6.3
740-11-5257,C,Naypyitaw,Cash,247.4,4.761904762,12.37,7.1
369-82-2676,B,Mandalay,Ewallet,378.3,4.761904762,18.915,7.8
563-47-4072,B,Mandalay,Cash,334.86,4.761904762,16.743,9.9
742-04-5161,A,Yangon,Cash,727.8,4.761904762,36.39,7.3
149-15-7606,B,Mandalay,Ewallet,335.88,4.761904762,16.794,5.1
133-77-3154,B,Mandalay,Credit card,240.72,4.761904762,12.036,9.4
169-52-4504,A,Yangon,Credit card,47.07,4.761904762,2.3535,5.8
250-81-7186,C,Naypyitaw,Credit card,99.69,4.761904762,4.9845,8
562-12-5430,A,Yangon,Ewallet,264.45,4.761904762,13.2225,7.9
816-72-8853,A,Yangon,Cash,139.65,4.761904762,6.9825,5.9
491-38-3499,A,Yangon,Credit card,55.45,4.761904762,2.7725,4.9
322-02-2271,B,Mandalay,Cash,128.91,4.761904762,6.4455,9.3
842-29-4695,C,Naypyitaw,Credit card,119.98,4.761904762,5.999,7.9
725-67-2480,B,Mandalay,Credit card,352.5,4.761904762,17.625,5.9
641-51-2661,C,Naypyitaw,Credit card,871,4.761904762,43.55,9.9
714-02-3114,C,Naypyitaw,Cash,197.6,4.761904762,9.88,7.7
518-17-2983,A,Yangon,Ewallet,194.52,4.761904762,9.726,7.6
779-42-2410,B,Mandalay,Ewallet,173.22,4.761904762,8.661,7.7
190-14-3147,B,Mandalay,Ewallet,71.88,4.761904762,3.594,6.4
408-66-6712,C,Naypyitaw,Ewallet,286.26,4.761904762,14.313,4.4
679-22-6530,B,Mandalay,Credit card,81.24,4.761904762,4.062,4.1
588-47-8641,A,Yangon,Ewallet,560.4,4.761904762,28.02,4.4
642-61-4706,B,Mandalay,Cash,186.8,4.761904762,9.34,5.5
576-31-4774,B,Mandalay,Ewallet,220.23,4.761904762,11.0115,4
556-41-6224,C,Naypyitaw,Credit card,269.12,4.761904762,13.456,9.3
811-03-8790,A,Yangon,Credit card,454.8,4.761904762,22.74,4.8
242-11-3142,B,Mandalay,Cash,167.54,4.761904762,8.377,4.6
752-23-3760,B,Mandalay,Credit card,448.56,4.761904762,22.428,7.3
274-05-5470,A,Yangon,Cash,293.88,4.761904762,14.694,6
648-94-3045,C,Naypyitaw,Ewallet,589.5,4.761904762,29.475,8.1
130-67-4723,A,Yangon,Ewallet,291,4.761904762,14.55,9.4
528-87-5606,B,Mandalay,Cash,39.48,4.761904762,1.974,6.5
320-85-2052,B,Mandalay,Credit card,34.81,4.761904762,1.7405,7
370-96-0655,C,Naypyitaw,Ewallet,295.92,4.761904762,14.796,7.1
105-10-6182,A,Yangon,Ewallet,42.96,4.761904762,2.148,6.6
510-79-0415,B,Mandalay,Ewallet,138.48,4.761904762,6.924,4.9
241-96-5076,B,Mandalay,Credit card,98.2,4.761904762,4.91,6.4
767-97-4650,B,Mandalay,Credit card,129.66,4.761904762,6.483,8
648-83-1321,A,Yangon,Cash,635.6,4.761904762,31.78,4.3
173-57-2300,C,Naypyitaw,Cash,145.76,4.761904762,7.288,6.1
305-03-2383,A,Yangon,Cash,201.3,4.761904762,10.065,7.5
394-55-6384,C,Naypyitaw,Cash,631.71,4.761904762,31.5855,6.7
266-20-6657,C,Naypyitaw,Ewallet,385.28,4.761904762,19.264,5.2
689-05-1884,A,Yangon,Cash,486.3,4.761904762,24.315,8.8
196-01-2849,C,Naypyitaw,Cash,513.66,4.761904762,25.683,9.5
372-62-5264,C,Naypyitaw,Cash,473.4,4.761904762,23.67,7.6
800-09-8606,A,Yangon,Cash,436.85,4.761904762,21.8425,6.6
182-52-7000,A,Yangon,Ewallet,108.16,4.761904762,5.408,6.9
826-58-8051,B,Mandalay,Ewallet,248.76,4.761904762,12.438,4.3
868-06-0466,A,Yangon,Credit card,626.22,4.761904762,31.311,7.8
751-41-9720,C,Naypyitaw,Ewallet,975,4.761904762,48.75,8
626-43-7888,C,Naypyitaw,Ewallet,483.28,4.761904762,24.164,9.6
176-64-7711,B,Mandalay,Credit card,96.96,4.761904762,4.848,4.3
191-29-0321,B,Mandalay,Credit card,197.7,4.761904762,9.885,5
729-06-2010,B,Mandalay,Cash,724.23,4.761904762,36.2115,9.2
640-48-5028,B,Mandalay,Cash,795.51,4.761904762,39.7755,6.3
186-79-9562,B,Mandalay,Cash,502.39,4.761904762,25.1195,8.9
834-45-5519,B,Mandalay,Ewallet,172,4.761904762,8.6,7.6
162-65-8559,C,Naypyitaw,Cash,68.98,4.761904762,3.449,4.8
760-27-5490,C,Naypyitaw,Ewallet,124.96,4.761904762,6.248,9.1
445-30-9252,A,Yangon,Ewallet,77.1,4.761904762,3.855,6.1
786-94-2700,A,Yangon,Cash,483.72,4.761904762,24.186,9.1
728-88-7867,C,Naypyitaw,Ewallet,302.12,4.761904762,15.106,8.3
183-21-3799,C,Naypyitaw,Ewallet,698.67,4.761904762,34.9335,7.2
268-20-3585,C,Naypyitaw,Ewallet,124.65,4.761904762,6.2325,6
735-32-9839,C,Naypyitaw,Ewallet,789.6,4.761904762,39.48,8.5
258-92-7466,A,Yangon,Credit card,178.4,4.761904762,8.92,6.6
857-16-3520,A,Yangon,Ewallet,500.22,4.761904762,25.011,4.5
482-17-1179,A,Yangon,Credit card,35.82,4.761904762,1.791,8.1
788-21-5741,A,Yangon,Credit card,136.14,4.761904762,6.807,7.2
821-14-9046,B,Mandalay,Credit card,104.88,4.761904762,5.244,6.1
418-05-0656,B,Mandalay,Cash,178.92,4.761904762,8.946,7.1
678-79-0726,C,Naypyitaw,Cash,815.67,4.761904762,40.7835,5.1
776-68-1096,B,Mandalay,Credit card,132.36,4.761904762,6.618,7.9
592-46-1692,C,Naypyitaw,Cash,257.39,4.761904762,12.8695,7.4
434-35-9162,B,Mandalay,Ewallet,93.36,4.761904762,4.668,7.4
149-14-0304,C,Naypyitaw,Cash,228,4.761904762,11.4,6.6
442-44-6497,C,Naypyitaw,Credit card,166.71,4.761904762,8.3355,5.9
174-64-0215,B,Mandalay,Credit card,697.4,4.761904762,34.87,8.9
210-74-9613,C,Naypyitaw,Ewallet,389.04,4.761904762,19.452,6.8
299-29-0180,B,Mandalay,Cash,365.26,4.761904762,18.263,9.3
247-11-2470,A,Yangon,Credit card,89.28,4.761904762,4.464,4.4
635-28-5728,A,Yangon,Ewallet,168,4.761904762,8.4,4.8
756-49-0168,A,Yangon,Ewallet,19.7,4.761904762,0.985,9.5
438-23-1242,B,Mandalay,Ewallet,531.16,4.761904762,26.558,8.9
238-45-6950,B,Mandalay,Ewallet,53.72,4.761904762,2.686,6.4
607-65-2441,C,Naypyitaw,Credit card,819.5,4.761904762,40.975,6
386-27-7606,C,Naypyitaw,Credit card,568.4,4.761904762,28.42,8.1
137-63-5492,C,Naypyitaw,Ewallet,587.6,4.761904762,29.38,9
197-77-7132,B,Mandalay,Ewallet,732.48,4.761904762,36.624,6
805-86-0265,A,Yangon,Cash,845.64,4.761904762,42.282,9.8
733-29-1227,C,Naypyitaw,Cash,389.27,4.761904762,19.4635,8.5
451-73-2711,C,Naypyitaw,Ewallet,84.83,4.761904762,4.2415,8.8
373-14-0504,A,Yangon,Ewallet,143.26,4.761904762,7.163,8.8
546-80-2899,A,Yangon,Ewallet,75.38,4.761904762,3.769,9.5
345-68-9016,C,Naypyitaw,Credit card,253.36,4.761904762,12.668,5.6
390-17-5806,C,Naypyitaw,Cash,38.42,4.761904762,1.921,8.6
457-13-1708,B,Mandalay,Credit card,652.3,4.761904762,32.615,5.2
664-14-2882,C,Naypyitaw,Credit card,52.65,4.761904762,2.6325,5.8
487-79-6868,B,Mandalay,Credit card,110.61,4.761904762,5.5305,8
314-23-4520,C,Naypyitaw,Cash,568.61,4.761904762,28.4305,9
210-30-7976,B,Mandalay,Ewallet,89.28,4.761904762,4.464,4.1
585-86-8361,A,Yangon,Credit card,136.4,4.761904762,6.82,8.6
807-14-7833,A,Yangon,Ewallet,174.2,4.761904762,8.71,7
775-72-1988,B,Mandalay,Ewallet,366.4,4.761904762,18.32,8.4
288-38-3758,C,Naypyitaw,Ewallet,254.61,4.761904762,12.7305,7.4
652-43-6591,A,Yangon,Credit card,778.32,4.761904762,38.916,6.2
785-96-0615,B,Mandalay,Ewallet,285.92,4.761904762,14.296,4.9
406-46-7107,A,Yangon,Cash,579.12,4.761904762,28.956,4.5
250-17-5703,A,Yangon,Ewallet,188.5,4.761904762,9.425,5.6
156-95-3964,A,Yangon,Ewallet,221.56,4.761904762,11.078,8
842-40-8179,B,Mandalay,Credit card,772,4.761904762,38.6,5.6
525-09-8450,B,Mandalay,Credit card,721.3,4.761904762,36.065,4.2
410-67-1709,A,Yangon,Ewallet,511.04,4.761904762,25.552,9.9
587-73-4862,A,Yangon,Ewallet,53.45,4.761904762,2.6725,7.6
787-87-2010,A,Yangon,Credit card,222,4.761904762,11.1,6.6
593-14-4239,B,Mandalay,Ewallet,763.68,4.761904762,38.184,4.7
801-88-0346,C,Naypyitaw,Credit card,228.18,4.761904762,11.409,9.8
388-76-2555,B,Mandalay,Cash,82.14,4.761904762,4.107,6.3
711-31-1234,B,Mandalay,Cash,382.56,4.761904762,19.128,7.9
886-54-6089,A,Yangon,Cash,68.58,4.761904762,3.429,7.7
707-32-7409,B,Mandalay,Ewallet,382.16,4.761904762,19.108,4.5
759-98-4285,C,Naypyitaw,Credit card,601.09,4.761904762,30.0545,8
201-63-8275,C,Naypyitaw,Ewallet,475.93,4.761904762,23.7965,5.7
471-06-8611,C,Naypyitaw,Credit card,52.42,4.761904762,2.621,6.3
200-16-5952,C,Naypyitaw,Cash,131.3,4.761904762,6.565,6
120-54-2248,B,Mandalay,Credit card,144.3,4.761904762,7.215,8
102-77-2261,C,Naypyitaw,Credit card,457.17,4.761904762,22.8585,4.2
875-31-8302,B,Mandalay,Cash,93.38,4.761904762,4.669,9.6
102-06-2002,C,Naypyitaw,Cash,126.25,4.761904762,6.3125,6.1
457-94-0464,B,Mandalay,Ewallet,790.83,4.761904762,39.5415,5.6
629-42-4133,C,Naypyitaw,Cash,174.4,4.761904762,8.72,8.3
534-53-3526,A,Yangon,Ewallet,379.04,4.761904762,18.952,7.8
307-04-2070,A,Yangon,Credit card,30.62,4.761904762,1.531,4.1
468-99-7231,C,Naypyitaw,Cash,352.08,4.761904762,17.604,8.8
516-77-6464,C,Naypyitaw,Ewallet,50.8,4.761904762,2.54,4.1
404-91-5964,A,Yangon,Credit card,522.06,4.761904762,26.103,9
886-77-9084,C,Naypyitaw,Ewallet,575.12,4.761904762,28.756,5.5
790-38-4466,C,Naypyitaw,Credit card,54.95,4.761904762,2.7475,9.3
704-10-4056,C,Naypyitaw,Credit card,181.41,4.761904762,9.0705,5.6
497-37-6538,A,Yangon,Ewallet,412.37,4.761904762,20.6185,9.7
651-96-5970,A,Yangon,Credit card,46.41,4.761904762,2.3205,4
400-80-4065,C,Naypyitaw,Credit card,274.2,4.761904762,13.71,9.2
744-16-7898,B,Mandalay,Credit card,973.7,4.761904762,48.685,4.9
263-12-5321,A,Yangon,Credit card,648.2,4.761904762,32.41,9.3
702-72-0487,A,Yangon,Credit card,93.22,4.761904762,4.661,6.6
605-83-1050,B,Mandalay,Ewallet,54.36,4.761904762,2.718,4.3
443-60-9639,C,Naypyitaw,Cash,60.87,4.761904762,3.0435,5.5
864-24-7918,A,Yangon,Cash,244.9,4.761904762,12.245,8.1
359-94-5395,B,Mandalay,Credit card,92.78,4.761904762,4.639,9.8
401-09-4232,C,Naypyitaw,Ewallet,433.45,4.761904762,21.6725,9.4
751-15-6198,B,Mandalay,Ewallet,138.06,4.761904762,6.903,7.9
324-41-6833,C,Naypyitaw,Ewallet,241.6,4.761904762,12.08,5.1
474-33-8305,C,Naypyitaw,Ewallet,471.73,4.761904762,23.5865,6.9
759-29-9521,A,Yangon,Cash,440.64,4.761904762,22.032,8
831-81-6575,B,Mandalay,Cash,680.31,4.761904762,34.0155,8
220-68-6701,A,Yangon,Cash,309.88,4.761904762,15.494,4.2
618-34-8551,A,Yangon,Credit card,186.36,4.761904762,9.318,8.5
257-60-7754,A,Yangon,Cash,200.92,4.761904762,10.046,9
559-61-5987,B,Mandalay,Cash,17.75,4.761904762,0.8875,8.6
189-55-2313,C,Naypyitaw,Ewallet,621.8,4.761904762,31.09,6
565-91-4567,B,Mandalay,Ewallet,86,4.761904762,4.3,6.2
380-60-5336,A,Yangon,Credit card,402.6,4.761904762,20.13,5
815-04-6282,C,Naypyitaw,Credit card,324.85,4.761904762,16.2425,6.5
674-56-6360,A,Yangon,Cash,95.15,4.761904762,4.7575,6
778-34-2523,A,Yangon,Cash,388.96,4.761904762,19.448,5
499-27-7781,B,Mandalay,Ewallet,425.68,4.761904762,21.284,5
477-59-2456,C,Naypyitaw,Cash,318.08,4.761904762,15.904,9.2
832-51-6761,A,Yangon,Ewallet,271.04,4.761904762,13.552,9.6
869-11-3082,B,Mandalay,Credit card,384.64,4.761904762,19.232,8.4
190-59-3964,B,Mandalay,Credit card,235.8,4.761904762,11.79,6
366-43-6862,B,Mandalay,Ewallet,211.56,4.761904762,10.578,6.7
186-43-8965,A,Yangon,Credit card,95.36,4.761904762,4.768,4.1
784-21-9238,C,Naypyitaw,Cash,10.17,4.761904762,0.5085,5.9
276-75-6884,A,Yangon,Cash,206.13,4.761904762,10.3065,8.7
109-86-4363,B,Mandalay,Credit card,420.56,4.761904762,21.028,4.5
569-76-2760,A,Yangon,Credit card,88.04,4.761904762,4.402,6.6
222-42-0244,B,Mandalay,Credit card,648.99,4.761904762,32.4495,7.7
760-53-9233,A,Yangon,Credit card,123.84,4.761904762,6.192,8.5
538-22-0304,C,Naypyitaw,Cash,649.5,4.761904762,32.475,5.2
416-17-9926,A,Yangon,Credit card,742.2,4.761904762,37.11,4.3
237-44-6163,A,Yangon,Cash,84.48,4.761904762,4.224,7.6
636-17-0325,B,Mandalay,Cash,250.28,4.761904762,12.514,9.5
343-75-9322,B,Mandalay,Cash,94.8,4.761904762,4.74,4.1
528-14-9470,A,Yangon,Ewallet,91.3,4.761904762,4.565,9.2
427-45-9297,B,Mandalay,Ewallet,285.11,4.761904762,14.2555,5.4
807-34-3742,A,Yangon,Cash,52.38,4.761904762,2.619,5.8
288-62-1085,A,Yangon,Ewallet,192.7,4.761904762,9.635,5.6
670-71-7306,B,Mandalay,Credit card,267.78,4.761904762,13.389,5.1
660-29-7083,C,Naypyitaw,Cash,558.7,4.761904762,27.935,5.8
271-77-8740,C,Naypyitaw,Ewallet,175.32,4.761904762,8.766,5
497-36-0989,A,Yangon,Cash,155.82,4.761904762,7.791,7.9
291-59-1384,B,Mandalay,Cash,60.3,4.761904762,3.015,6
860-73-6466,A,Yangon,Credit card,78.94,4.761904762,3.947,5
549-23-9016,C,Naypyitaw,Credit card,29.74,4.761904762,1.487,8.9
896-34-0956,A,Yangon,Cash,21.32,4.761904762,1.066,5.9
804-38-3935,A,Yangon,Credit card,281.34,4.761904762,14.067,5.9
585-90-0249,A,Yangon,Ewallet,73.26,4.761904762,3.663,9.7
862-29-5914,C,Naypyitaw,Credit card,22.38,4.761904762,1.119,8.6
845-94-6841,C,Naypyitaw,Cash,655.92,4.761904762,32.796,4
125-45-2293,A,Yangon,Cash,594.6,4.761904762,29.73,4.2
843-73-4724,A,Yangon,Cash,74.1,4.761904762,3.705,9.2
409-33-9708,A,Yangon,Ewallet,196.96,4.761904762,9.848,9.2
658-66-3967,C,Naypyitaw,Ewallet,372.33,4.761904762,18.6165,5
866-70-2814,B,Mandalay,Ewallet,527.9,4.761904762,26.395,10
160-22-2687,A,Yangon,Ewallet,479.75,4.761904762,23.9875,8.8
895-03-6665,B,Mandalay,Cash,328.59,4.761904762,16.4295,4.2
770-42-8960,B,Mandalay,Cash,168.96,4.761904762,8.448,6.3
748-45-2862,A,Yangon,Cash,113.24,4.761904762,5.662,8.2
234-36-2483,B,Mandalay,Cash,345.54,4.761904762,17.277,5.1
316-66-3011,A,Yangon,Cash,428.67,4.761904762,21.4335,5
848-95-6252,C,Naypyitaw,Ewallet,86.27,4.761904762,4.3135,7
840-76-5966,A,Yangon,Ewallet,25.52,4.761904762,1.276,7.8
152-03-4217,B,Mandalay,Credit card,101.52,4.761904762,5.076,4.3
533-66-5566,B,Mandalay,Cash,357.49,4.761904762,17.8745,7
124-31-1458,A,Yangon,Cash,238.77,4.761904762,11.9385,6.6
176-78-1170,C,Naypyitaw,Ewallet,101.43,4.761904762,5.0715,7.3
361-59-0574,B,Mandalay,Credit card,724.24,4.761904762,36.212,6.5
101-81-4070,C,Naypyitaw,Ewallet,125.64,4.761904762,6.282,4.9
631-34-1880,C,Naypyitaw,Credit card,72.93,4.761904762,3.6465,4.3
852-82-2749,A,Yangon,Ewallet,258.36,4.761904762,12.918,9.3
873-14-6353,A,Yangon,Credit card,173.74,4.761904762,8.687,7.1
584-66-4073,C,Naypyitaw,Ewallet,56.5,4.761904762,2.825,9.6
544-55-9589,B,Mandalay,Cash,214.3,4.761904762,10.715,6.2
166-19-2553,A,Yangon,Cash,534.36,4.761904762,26.718,9.9
737-88-5876,A,Yangon,Credit card,93.16,4.761904762,4.658,5.9
154-87-7367,C,Naypyitaw,Ewallet,522.08,4.761904762,26.104,6.3
885-56-0389,C,Naypyitaw,Cash,52.35,4.761904762,2.6175,4
608-05-3804,B,Mandalay,Cash,39.75,4.761904762,1.9875,6.1
448-61-3783,A,Yangon,Credit card,720.16,4.761904762,36.008,4.5
761-49-0439,B,Mandalay,Ewallet,96.8,4.761904762,4.84,8.6
490-95-0021,B,Mandalay,Ewallet,332.1,4.761904762,16.605,6
115-38-7388,C,Naypyitaw,Credit card,81.44,4.761904762,4.072,9.5
311-13-6971,B,Mandalay,Credit card,319.9,4.761904762,15.995,9.9
291-55-6563,A,Yangon,Ewallet,206.52,4.761904762,10.326,7.5
548-48-3156,A,Yangon,Cash,166.68,4.761904762,8.334,7.6
460-93-5834,A,Yangon,Cash,319.06,4.761904762,15.953,5
325-89-4209,A,Yangon,Ewallet,87.9,4.761904762,4.395,6.7
884-80-6021,A,Yangon,Ewallet,734.7,4.761904762,36.735,9.5
137-74-8729,C,Naypyitaw,Ewallet,97.52,4.761904762,4.876,6.8
880-46-5796,A,Yangon,Ewallet,769.2,4.761904762,38.46,5.6
389-70-2397,C,Naypyitaw,Cash,418.3,4.761904762,20.915,7.2
114-35-5271,B,Mandalay,Cash,463.28,4.761904762,23.164,8.1
607-76-6216,C,Naypyitaw,Credit card,462.45,4.761904762,23.1225,8.6
715-20-1673,B,Mandalay,Cash,141.9,4.761904762,7.095,9.4
811-35-1094,B,Mandalay,Credit card,302.7,4.761904762,15.135,8.9
699-88-1972,B,Mandalay,Credit card,793.28,4.761904762,39.664,4.2
781-84-8059,C,Naypyitaw,Ewallet,425.18,4.761904762,21.259,5
409-49-6995,C,Naypyitaw,Cash,283.62,4.761904762,14.181,8.8
725-54-0677,C,Naypyitaw,Cash,599.2,4.761904762,29.96,5.3
146-09-5432,A,Yangon,Ewallet,315.36,4.761904762,15.768,4.6
377-79-7592,C,Naypyitaw,Credit card,403.56,4.761904762,20.178,7.5
509-10-0516,B,Mandalay,Ewallet,183.88,4.761904762,9.194,5.1
595-94-9924,A,Yangon,Credit card,138.65,4.761904762,6.9325,4.2
865-41-9075,A,Yangon,Cash,80.71,4.761904762,4.0355,8.1
545-07-8534,C,Naypyitaw,Ewallet,116.64,4.761904762,5.832,6
118-62-1812,C,Naypyitaw,Cash,313.52,4.761904762,15.676,7.9
450-42-3339,C,Naypyitaw,Credit card,846.1,4.761904762,42.305,8.8
851-98-3555,B,Mandalay,Credit card,414.4,4.761904762,20.72,6.6
186-71-5196,A,Yangon,Ewallet,159.08,4.761904762,7.954,6.2
624-01-8356,B,Mandalay,Credit card,490.1,4.761904762,24.505,4.2
313-66-9943,B,Mandalay,Credit card,87.45,4.761904762,4.3725,7.3
151-27-8496,C,Naypyitaw,Ewallet,224.52,4.761904762,11.226,8.6
453-33-6436,A,Yangon,Cash,744.96,4.761904762,37.248,6.8
522-57-8364,A,Yangon,Ewallet,410.72,4.761904762,20.536,7.6
459-45-2396,A,Yangon,Cash,298.8,4.761904762,14.94,5.8
717-96-4189,C,Naypyitaw,Cash,212.94,4.761904762,10.647,4.1
722-13-2115,C,Naypyitaw,Credit card,42.85,4.761904762,2.1425,9.3
749-81-8133,A,Yangon,Cash,378.68,4.761904762,18.934,6.8
777-67-2495,B,Mandalay,Ewallet,206.91,4.761904762,10.3455,8.7
636-98-3364,B,Mandalay,Ewallet,78.78,4.761904762,3.939,6.3
246-55-6923,C,Naypyitaw,Credit card,322.11,4.761904762,16.1055,5.1
181-82-6255,B,Mandalay,Cash,98.22,4.761904762,4.911,7
838-02-1821,C,Naypyitaw,Credit card,25.46,4.761904762,1.273,5.2
887-42-0517,C,Naypyitaw,Credit card,581.98,4.761904762,29.099,6.6
457-12-0244,C,Naypyitaw,Ewallet,211.32,4.761904762,10.566,6.5
226-34-0034,B,Mandalay,Ewallet,55.12,4.761904762,2.756,9
321-49-7382,B,Mandalay,Credit card,88.31,4.761904762,4.4155,5.2
397-25-8725,A,Yangon,Credit card,356.58,4.761904762,17.829,6.8
431-66-2305,B,Mandalay,Credit card,794.25,4.761904762,39.7125,7.6
825-94-5922,B,Mandalay,Ewallet,50.62,4.761904762,2.531,7.2
641-62-7288,B,Mandalay,Ewallet,599.52,4.761904762,29.976,7.1
756-93-1854,C,Naypyitaw,Credit card,166.7,4.761904762,8.335,9.5
243-55-8457,A,Yangon,Ewallet,744.4,4.761904762,37.22,5.1
458-10-8612,C,Naypyitaw,Ewallet,448.56,4.761904762,22.428,7.6
501-61-1753,B,Mandalay,Ewallet,378.9,4.761904762,18.945,9.8
235-06-8510,C,Naypyitaw,Ewallet,257.16,4.761904762,12.858,5.1
433-08-7822,C,Naypyitaw,Ewallet,552.23,4.761904762,27.6115,7.5
361-85-2571,A,Yangon,Cash,447.4,4.761904762,22.37,7.4
131-70-8179,A,Yangon,Cash,276.27,4.761904762,13.8135,4.2
500-02-2261,C,Naypyitaw,Ewallet,343.74,4.761904762,17.187,5.9
720-72-2436,A,Yangon,Ewallet,266.08,4.761904762,13.304,6.9
702-83-5291,C,Naypyitaw,Cash,898.38,4.761904762,44.919,6.6
809-69-9497,A,Yangon,Ewallet,456.8,4.761904762,22.84,5.7
449-16-6770,A,Yangon,Credit card,253.95,4.761904762,12.6975,5.3
333-23-2632,A,Yangon,Cash,70.56,4.761904762,3.528,4.2
489-82-1237,A,Yangon,Credit card,657.16,4.761904762,32.858,7.3
859-97-6048,C,Naypyitaw,Credit card,168.5,4.761904762,8.425,5.3
676-10-2200,B,Mandalay,Ewallet,53.78,4.761904762,2.689,4.7
373-88-1424,C,Naypyitaw,Ewallet,179.05,4.761904762,8.9525,7.9
365-16-4334,B,Mandalay,Ewallet,211.44,4.761904762,10.572,8.9
503-21-4385,B,Mandalay,Ewallet,119.73,4.761904762,5.9865,9.3
305-89-2768,B,Mandalay,Ewallet,65.7,4.761904762,3.285,4.7
574-80-1489,B,Mandalay,Ewallet,251.4,4.761904762,12.57,8.7
784-08-0310,C,Naypyitaw,Cash,84.16,4.761904762,4.208,7.6
200-40-6154,B,Mandalay,Cash,395.46,4.761904762,19.773,5.7
846-10-0341,A,Yangon,Cash,297.99,4.761904762,14.8995,6.8
577-34-7579,C,Naypyitaw,Cash,454.41,4.761904762,22.7205,5.4
430-02-3888,B,Mandalay,Cash,276.12,4.761904762,13.806,7.1
867-47-1948,C,Naypyitaw,Cash,158,4.761904762,7.9,7.8
384-59-6655,A,Yangon,Cash,887.94,4.761904762,44.397,8.4
256-58-3609,C,Naypyitaw,Cash,91.98,4.761904762,4.599,9.8
324-92-3863,A,Yangon,Cash,41.78,4.761904762,2.089,9.8
593-08-5916,A,Yangon,Credit card,15.5,4.761904762,0.775,7.4
364-34-2972,C,Naypyitaw,Cash,290.46,4.761904762,14.523,6.7
794-42-3736,B,Mandalay,Credit card,66.66,4.761904762,3.333,6.4
172-42-8274,B,Mandalay,Credit card,76.54,4.761904762,3.827,5.8
558-60-5016,A,Yangon,Ewallet,299.7,4.761904762,14.985,7.2
195-06-0432,A,Yangon,Credit card,243.03,4.761904762,12.1515,9.3
605-03-2706,A,Yangon,Cash,47.4,4.761904762,2.37,9.5
214-30-2776,B,Mandalay,Credit card,172.45,4.761904762,8.6225,9
746-04-1077,B,Mandalay,Credit card,846.3,4.761904762,42.315,9
448-34-8700,B,Mandalay,Ewallet,258.37,4.761904762,12.9185,6.7
452-04-8808,B,Mandalay,Cash,609.56,4.761904762,30.478,5.5
531-56-4728,A,Yangon,Cash,240.24,4.761904762,12.012,5.4
744-82-9138,C,Naypyitaw,Cash,172.26,4.761904762,8.613,8.2
883-69-1285,B,Mandalay,Credit card,99.84,4.761904762,4.992,7
221-25-5073,A,Yangon,Cash,298.64,4.761904762,14.932,8.5
518-71-6847,B,Mandalay,Ewallet,159.6,4.761904762,7.98,4.9
156-20-0370,B,Mandalay,Credit card,25.45,4.761904762,1.2725,5.1
151-33-7434,B,Mandalay,Credit card,67.77,4.761904762,3.3885,6.5
728-47-9078,C,Naypyitaw,Cash,238.36,4.761904762,11.918,9.8
809-46-1866,A,Yangon,Cash,232.6,4.761904762,11.63,8.4
139-32-4183,A,Yangon,Ewallet,877.32,4.761904762,43.866,7.4
148-41-7930,C,Naypyitaw,Cash,699.72,4.761904762,34.986,6.1
189-40-5216,C,Naypyitaw,Cash,674.59,4.761904762,33.7295,6
374-38-5555,B,Mandalay,Ewallet,318.55,4.761904762,15.9275,8.5
764-44-8999,B,Mandalay,Ewallet,29.52,4.761904762,1.476,4.3
552-44-5977,B,Mandalay,Credit card,496,4.761904762,24.8,6.2
267-62-7380,C,Naypyitaw,Ewallet,823.4,4.761904762,41.17,4.3
430-53-4718,B,Mandalay,Credit card,602.96,4.761904762,30.148,8.4
886-18-2897,A,Yangon,Credit card,282.8,4.761904762,14.14,4.5
602-16-6955,B,Mandalay,Ewallet,766,4.761904762,38.3,6
745-74-0715,A,Yangon,Ewallet,116.06,4.761904762,5.803,8.8
690-01-6631,B,Mandalay,Ewallet,174.9,4.761904762,8.745,6.6
652-49-6720,C,Naypyitaw,Ewallet,60.95,4.761904762,3.0475,5.9
233-67-5758,C,Naypyitaw,Ewallet,40.35,4.761904762,2.0175,6.2
303-96-2227,B,Mandalay,Ewallet,973.8,4.761904762,48.69,4.4
727-02-1313,A,Yangon,Cash,31.84,4.761904762,1.592,7.7
347-56-2442,A,Yangon,Cash,65.82,4.761904762,3.291,4.1
849-09-3807,A,Yangon,Cash,618.38,4.761904762,30.919,6.6